"Id","ContentDocumentId","IsLatest","ContentUrl","ContentBodyId","VersionNumber","Title","Description","ReasonForChange","SharingOption","SharingPrivacy","PathOnClient","RatingCount","IsDeleted","ContentModifiedDate","ContentModifiedById","PositiveRatingCount","NegativeRatingCount","FeaturedContentBoost","FeaturedContentDate","OwnerId","CreatedById","CreatedDate","LastModifiedById","LastModifiedDate","SystemModstamp","FileType","PublishStatus","ContentSize","FirstPublishLocationId","Origin","ContentLocation","TextPreview","ExternalDocumentInfo1","ExternalDocumentInfo2","ExternalDataSourceId","IsMajorVersion"
"068f4000002msswAAA","069f4000002UbEHAA0","0","","05Tf4000008OYJfEAO","1","NPSP Data Import Template","","","A","N","NPSP Data Import Template.csv","0","0","2018-05-20 01:16:58","005f4000002PEo1AAG","0","0","","","005f4000002PEo1AAG","005f4000002PEo1AAG","2018-05-20 01:16:58","005f4000002PEo1AAG","2018-05-20 01:16:58","2018-06-08 05:18:56","CSV","R","3875","005f4000002PEo1AAG","H","S","","","","000000000000000AAA","1"
"068f4000002mssxAAA","069f4000002UbEHAA0","0","","05Tf4000008OYJgEAO","2","NPSP Data Import Template","","","A","N","NPSP_Data_Import_Template.csv","0","0","2018-05-20 01:16:58","005f4000002PEo1AAG","0","0","","","005f4000002PEo1AAG","005f4000002PEo1AAG","2018-05-20 01:16:58","005f4000002PEo1AAG","2018-05-20 01:16:58","2018-06-08 05:18:56","CSV","R","4137","000000000000000AAA","H","S","","","","000000000000000AAA","1"
"068f4000002mssyAAA","069f4000002UbEHAA0","1","","05Tf4000008OYJhEAO","3","NPSP Data Import Template","","NPSP 3.100","A","N","NPSP Data Import Template.csv","0","0","2018-05-20 01:16:58","005f4000002PEo1AAG","0","0","","","005f4000002PEo1AAG","005f4000002PEo1AAG","2018-05-20 01:16:58","005f4000002PEo1AAG","2018-05-20 01:16:58","2018-06-08 05:18:56","CSV","R","3722","000000000000000AAA","H","S","","","","000000000000000AAA","1"
"068f4000002msszAAA","069f4000002UbEIAA0","1","","05Tf4000008OYJREA4","1","RGB_nsps-color copy","","","A","N","RGB_nsps-color copy.png","0","0","2018-05-20 01:16:58","005f4000002PEo1AAG","0","0","","","005f4000002PEo1AAG","005f4000002PEo1AAG","2018-05-20 01:16:58","005f4000002PEo1AAG","2018-05-20 01:16:58","2018-06-08 05:18:56","PNG","P","6309","005f4000002PEo1AAG","H","S","","","","000000000000000AAA","1"
"068f4000002mst0AAA","069f4000002UbEJAA0","1","","05Tf4000008OYJVEA4","1","v4sLogo","","","A","N","v4sLogo.gif","0","0","2018-05-20 01:16:58","005f4000002PEo1AAG","0","0","","","005f4000002PEo1AAG","005f4000002PEo1AAG","2018-05-20 01:16:58","005f4000002PEo1AAG","2018-05-20 01:16:58","2018-06-08 05:18:56","GIF","P","15299","005f4000002PEo1AAG","H","S","","","","000000000000000AAA","1"
"068f4000004YJ1UAAW","069f4000004T9BMAA0","1","","05Tf400000F2KEMEA3","1","0-1","","","A","N","0-1.jpg","0","0","2018-10-16 18:38:31","005f4000003LLH5AAO","0","0","","","005f4000003LLH5AAO","005f4000003LLH5AAO","2018-10-16 18:38:31","005f4000003LLH5AAO","2018-10-16 18:38:31","2018-10-16 18:38:33","JPG","P","39502","003f400000cZo0jAAC","C","S","","","","000000000000000AAA","0"
"068f4000009HvdNAAS","069f4000008hQVKAA2","0","","05Tf400000UjyckEAB","1","Untitled Note","","","A","N","Untitled Note.snote","0","0","2019-04-23 23:15:26","005f40000042AhBAAU","0","0","","","005f40000042AhBAAU","005f40000042AhBAAU","2019-04-23 23:15:26","005f40000042AhBAAU","2019-04-23 23:15:27","2019-04-23 23:15:31","SNOTE","P","11463","005f40000042AhBAAU","H","S","Waste Management Assign to Account Manager Sheri has been Acct Mgr for over a year. Make SURE POC knows he can always reach out to Sheri - she's not going anywhere, you are just an added layer of support to make sure we learn about new positions and commu","","","000000000000000AAA","0"
"068f4000009HvdOAAS","069f4000008hQVKAA2","1","","05Tf400000UjyclEAB","2","From Sheri","","","A","N","From Sheri.snote","0","0","2019-04-23 23:15:31","005f40000042AhBAAU","0","0","","","005f40000042AhBAAU","005f40000042AhBAAU","2019-04-23 23:15:31","005f40000042AhBAAU","2019-04-23 23:15:31","2019-04-23 23:15:31","SNOTE","P","11463","000000000000000AAA","H","S","Waste Management Assign to Account Manager Sheri has been Acct Mgr for over a year. Make SURE POC knows he can always reach out to Sheri - she's not going anywhere, you are just an added layer of support to make sure we learn about new positions and commu","","","000000000000000AAA","0"
"068f4000009HvfYAAS","069f4000008hQXQAA2","0","","05Tf400000Ujyk4EAB","1","Untitled Note","","","A","N","Untitled Note.snote","0","0","2019-04-23 23:24:27","005f40000042AhBAAU","0","0","","","005f40000042AhBAAU","005f40000042AhBAAU","2019-04-23 23:24:27","005f40000042AhBAAU","2019-04-23 23:24:27","2019-04-23 23:24:32","SNOTE","P","10110","005f40000042AhBAAU","H","S","Gulfstream Assign to Acct Mgr They have not attended EM events. Are not a sponsor. Have been invited to conferences. POC has relationships outside of Gulfstream and will do a good job providing warm introductions to you -- these are to hiring employers an","","","000000000000000AAA","0"
"068f4000009HvfZAAS","069f4000008hQXQAA2","0","","05Tf400000Ujyk5EAB","3","Sheri's Notes to ACCT M","","","A","N","Sheri's Notes to ACCT M.snote","0","0","2019-04-23 23:24:37","005f40000042AhBAAU","0","0","","","005f40000042AhBAAU","005f40000042AhBAAU","2019-04-23 23:24:37","005f40000042AhBAAU","2019-04-23 23:24:37","2019-04-23 23:24:41","SNOTE","P","10110","000000000000000AAA","H","S","Gulfstream Assign to Acct Mgr They have not attended EM events. Are not a sponsor. Have been invited to conferences. POC has relationships outside of Gulfstream and will do a good job providing warm introductions to you -- these are to hiring employers an","","","000000000000000AAA","0"
"068f4000009HvfdAAC","069f4000008hQXQAA2","0","","05Tf400000UjykEEAR","2","Sheri's Notes","","","A","N","Sheri's Notes.snote","0","0","2019-04-23 23:24:32","005f40000042AhBAAU","0","0","","","005f40000042AhBAAU","005f40000042AhBAAU","2019-04-23 23:24:32","005f40000042AhBAAU","2019-04-23 23:24:32","2019-04-23 23:24:37","SNOTE","P","10110","000000000000000AAA","H","S","Gulfstream Assign to Acct Mgr They have not attended EM events. Are not a sponsor. Have been invited to conferences. POC has relationships outside of Gulfstream and will do a good job providing warm introductions to you -- these are to hiring employers an","","","000000000000000AAA","0"
"068f4000009HvfeAAC","069f4000008hQXQAA2","1","","05Tf400000UjykFEAR","4","Sheri's Notes to ACCT MGR","","","A","N","Sheri's Notes to ACCT MGR.snote","0","0","2019-04-23 23:24:41","005f40000042AhBAAU","0","0","","","005f40000042AhBAAU","005f40000042AhBAAU","2019-04-23 23:24:41","005f40000042AhBAAU","2019-04-23 23:24:41","2019-04-23 23:24:41","SNOTE","P","10110","000000000000000AAA","H","S","Gulfstream Assign to Acct Mgr They have not attended EM events. Are not a sponsor. Have been invited to conferences. POC has relationships outside of Gulfstream and will do a good job providing warm introductions to you -- these are to hiring employers an","","","000000000000000AAA","0"
"068f4000009HvfxAAC","069f4000008hQXkAAM","0","","05Tf400000UjykdEAB","1","Sheri's Note to ACCT MGR","","","A","N","Sheri's Note to ACCT MGR.snote","0","0","2019-04-23 23:25:49","005f40000042AhBAAU","0","0","","","005f40000042AhBAAU","005f40000042AhBAAU","2019-04-23 23:25:49","005f40000042AhBAAU","2019-04-23 23:25:50","2019-04-23 23:30:44","SNOTE","P","7","005f40000042AhBAAU","H","S","","","","000000000000000AAA","0"
"068f4000009HvfyAAC","069f4000008hQXlAAM","0","","05Tf400000UjykeEAB","1","Sheri's Notes to ACCT MGR","","","A","N","Sheri's Notes to ACCT MGR.snote","0","0","2019-04-23 23:27:36","005f40000042AhBAAU","0","0","","","005f40000042AhBAAU","005f40000042AhBAAU","2019-04-23 23:27:36","005f40000042AhBAAU","2019-04-23 23:27:36","2019-04-23 23:29:56","SNOTE","P","7","005f40000042AhBAAU","H","S","","","","000000000000000AAA","0"
"068f4000009HvfzAAC","069f4000008hQXmAAM","0","","05Tf400000UjykfEAB","1","Example Job Posting","","","A","N","Example Job Posting.snote","0","0","2019-04-23 23:28:21","005f40000042AhBAAU","0","0","","","005f40000042AhBAAU","005f40000042AhBAAU","2019-04-23 23:28:21","005f40000042AhBAAU","2019-04-23 23:28:22","2019-04-23 23:28:38","SNOTE","P","7","005f40000042AhBAAU","H","S","","","","000000000000000AAA","0"
"068f4000009HvgMAAS","069f4000008hQY9AAM","1","","05Tf400000UjylHEAR","1","Sheri's Notes to ACCT MGR","","","A","N","Sheri's Notes to ACCT MGR.snote","0","0","2019-04-23 23:26:54","005f40000042AhBAAU","0","0","","","005f40000042AhBAAU","005f40000042AhBAAU","2019-04-23 23:26:54","005f40000042AhBAAU","2019-04-23 23:26:55","2019-04-23 23:26:55","SNOTE","P","7","005f40000042AhBAAU","H","S","","","","000000000000000AAA","0"
"068f4000009HvgNAAS","069f4000008hQXmAAM","0","","05Tf400000UjylIEAR","3","Example Job Posting","","","A","N","Example Job Posting.snote","0","0","2019-04-23 23:28:51","005f40000042AhBAAU","0","0","","","005f40000042AhBAAU","005f40000042AhBAAU","2019-04-23 23:28:51","005f40000042AhBAAU","2019-04-23 23:28:51","2019-04-23 23:29:07","SNOTE","P","1180","000000000000000AAA","H","S","This is just an example of job posting I put in SLACK, (for Acct Mgrs to use this type of format).  The POC sent me a few opportunities at Ft Bragg, and flyer to a career expoo they are holding.  I thought the positions were mid level, so I looked in thei","","","000000000000000AAA","0"
"068f4000009HvgOAAS","069f4000008hQXmAAM","1","","05Tf400000UjylJEAR","4","Example Job Posting","","","A","N","Example Job Posting.snote","0","0","2019-04-23 23:29:07","005f40000042AhBAAU","0","0","","","005f40000042AhBAAU","005f40000042AhBAAU","2019-04-23 23:29:07","005f40000042AhBAAU","2019-04-23 23:29:07","2019-04-23 23:29:07","SNOTE","P","4021","000000000000000AAA","H","S","This is just an example of job posting I put in SLACK, (for Acct Mgrs to use this type of format).  The POC sent me a few opportunities at Ft Bragg, and flyer to a career expoo they are holding.  I thought the positions were mid level, so I looked in thei","","","000000000000000AAA","0"
"068f4000009HvgvAAC","069f4000008hQXmAAM","0","","05Tf400000UjymtEAB","2","Example Job Posting","","","A","N","Example Job Posting.snote","0","0","2019-04-23 23:28:48","005f40000042AhBAAU","0","0","","","005f40000042AhBAAU","005f40000042AhBAAU","2019-04-23 23:28:38","005f40000042AhBAAU","2019-04-23 23:28:48","2019-04-23 23:28:51","SNOTE","P","787","000000000000000AAA","H","S","I would follow up with my POC to let her know the positions she provided are fine, especially because they are qualified, but/and our veterans could enter at higher level position. Not always, the may enter a new field and work their way up. Or this type","","","000000000000000AAA","0"
"068f4000009HvhAAAS","069f4000008hQXlAAM","1","","05Tf400000UjymuEAB","2","Sheri's Notes to ACCT MGR","","","A","N","Sheri's Notes to ACCT MGR.snote","0","0","2019-04-23 23:29:56","005f40000042AhBAAU","0","0","","","005f40000042AhBAAU","005f40000042AhBAAU","2019-04-23 23:29:56","005f40000042AhBAAU","2019-04-23 23:29:56","2019-04-23 23:29:56","SNOTE","P","10616","000000000000000AAA","H","S","Mission Essential is a long time EM supporter. Sheri has been managing account with POC.  Large multi national organization with a variety of locations and career opportunities in numerous different fields. Whether you want to be a program manager, direct","","","000000000000000AAA","0"
"068f4000009HvhBAAS","069f4000008hQXkAAM","1","","05Tf400000UjymvEAB","2","Sheri's Note to ACCT MGR","","","A","N","Sheri's Note to ACCT MGR.snote","0","0","2019-04-23 23:30:44","005f40000042AhBAAU","0","0","","","005f40000042AhBAAU","005f40000042AhBAAU","2019-04-23 23:30:44","005f40000042AhBAAU","2019-04-23 23:30:44","2019-04-23 23:30:44","SNOTE","P","10886","000000000000000AAA","H","S","Gilead Sciences Assign to Acct Manager Sheri has worked with this POC since mid 2018. POC heads North Eastern region and can help with positions in his area.  This is a large international company with a number of recruiters for various positions at all l","","","000000000000000AAA","0"
"068f4000009HvjGAAS","069f4000008hQaeAAE","0","","05Tf400000UjyqvEAB","1","Untitled Note","","","A","N","Untitled Note.snote","0","0","2019-04-23 23:36:01","005f40000042AhBAAU","0","0","","","005f40000042AhBAAU","005f40000042AhBAAU","2019-04-23 23:36:01","005f40000042AhBAAU","2019-04-23 23:36:02","2019-04-23 23:36:11","SNOTE","P","7986","005f40000042AhBAAU","H","S","Thank you again for sponsoring an Elite Meet veteran for $2,000.00 Included in this ?sponsor a vet? I would like to offer you a slot as a ?hiring partner? meaning you will have an account manager. You can send JDs to Henry who is CCd. He runs our Hiring P","","","000000000000000AAA","0"
"068f4000009HvjHAAS","069f4000008hQaeAAE","0","","05Tf400000UjyqwEAB","2","Initial Email Strand from John","","","A","N","Initial Email Strand from John.snote","0","0","2019-04-23 23:36:11","005f40000042AhBAAU","0","0","","","005f40000042AhBAAU","005f40000042AhBAAU","2019-04-23 23:36:11","005f40000042AhBAAU","2019-04-23 23:36:11","2019-04-23 23:36:13","SNOTE","P","7986","000000000000000AAA","H","S","Thank you again for sponsoring an Elite Meet veteran for $2,000.00 Included in this ?sponsor a vet? I would like to offer you a slot as a ?hiring partner? meaning you will have an account manager. You can send JDs to Henry who is CCd. He runs our Hiring P","","","000000000000000AAA","0"
"068f4000009HvjQAAS","069f4000008hQaeAAE","1","","05Tf400000Ujyr5EAB","3","Initial Email Strand from John and Sean","","","A","N","Initial Email Strand from John and Sean.snote","0","0","2019-04-23 23:36:13","005f40000042AhBAAU","0","0","","","005f40000042AhBAAU","005f40000042AhBAAU","2019-04-23 23:36:13","005f40000042AhBAAU","2019-04-23 23:36:13","2019-04-23 23:36:14","SNOTE","P","7986","000000000000000AAA","H","S","Thank you again for sponsoring an Elite Meet veteran for $2,000.00 Included in this ?sponsor a vet? I would like to offer you a slot as a ?hiring partner? meaning you will have an account manager. You can send JDs to Henry who is CCd. He runs our Hiring P","","","000000000000000AAA","0"
"068f4000009HvjuAAC","069f4000008hQb3AAE","0","","05Tf400000UjyuTEAR","1","Untitled Note","","","A","N","Untitled Note.snote","0","0","2019-04-23 23:39:26","005f40000042AhBAAU","0","0","","","005f40000042AhBAAU","005f40000042AhBAAU","2019-04-23 23:39:26","005f40000042AhBAAU","2019-04-23 23:39:27","2019-04-23 23:39:32","SNOTE","P","10972","005f40000042AhBAAU","H","S","Sheri was acct mgr has had numberous conversations with Josephine (main poc) and Beth. Have done intro email to the the other POC. Have invited to events but have not attended. Are not a sponsor. Josephine always sends career fair flyers to Sheri and Sher","","","000000000000000AAA","0"
"068f4000009HvjzAAC","069f4000008hQb3AAE","0","","05Tf400000UjyuYEAR","2","heri's Notes","","","A","N","heri's Notes.snote","0","0","2019-04-23 23:39:32","005f40000042AhBAAU","0","0","","","005f40000042AhBAAU","005f40000042AhBAAU","2019-04-23 23:39:32","005f40000042AhBAAU","2019-04-23 23:39:32","2019-04-23 23:39:36","SNOTE","P","10972","000000000000000AAA","H","S","Sheri was acct mgr has had numberous conversations with Josephine (main poc) and Beth. Have done intro email to the the other POC. Have invited to events but have not attended. Are not a sponsor. Josephine always sends career fair flyers to Sheri and Sher","","","000000000000000AAA","0"
"068f4000009Hvk0AAC","069f4000008hQb3AAE","0","","05Tf400000UjyuZEAR","3","heri's Notes to ACCT MGR","","","A","N","heri's Notes to ACCT MGR.snote","0","0","2019-04-23 23:39:36","005f40000042AhBAAU","0","0","","","005f40000042AhBAAU","005f40000042AhBAAU","2019-04-23 23:39:36","005f40000042AhBAAU","2019-04-23 23:39:36","2019-04-23 23:39:38","SNOTE","P","10972","000000000000000AAA","H","S","Sheri was acct mgr has had numberous conversations with Josephine (main poc) and Beth. Have done intro email to the the other POC. Have invited to events but have not attended. Are not a sponsor. Josephine always sends career fair flyers to Sheri and Sher","","","000000000000000AAA","0"
"068f4000009Hvk1AAC","069f4000008hQbXAAU","0","","05Tf400000UjyuaEAB","1","Untitled Note","","","A","N","Untitled Note.snote","0","0","2019-04-23 23:40:27","005f40000042AhBAAU","0","0","","","005f40000042AhBAAU","005f40000042AhBAAU","2019-04-23 23:40:27","005f40000042AhBAAU","2019-04-23 23:40:28","2019-04-23 23:40:35","SNOTE","P","12945","005f40000042AhBAAU","H","S","Account: Amazon Primary POC: Beau Higgins - head of military recruiting THIS IS PART OF EM HPP - Chris Brantley manages - We can do matching services POC/Beau attended EM ATL and other EMx.  Account Manager role is reglar communication, follow up, advise","","","000000000000000AAA","0"
"068f4000009Hvk2AAC","069f4000008hQbXAAU","1","","05Tf400000UjyubEAB","2","Sheri's Notes to ACCT MGR","","","A","N","Sheri's Notes to ACCT MGR.snote","0","0","2019-04-23 23:40:35","005f40000042AhBAAU","0","0","","","005f40000042AhBAAU","005f40000042AhBAAU","2019-04-23 23:40:35","005f40000042AhBAAU","2019-04-23 23:40:35","2019-04-23 23:40:35","SNOTE","P","12945","000000000000000AAA","H","S","Account: Amazon Primary POC: Beau Higgins - head of military recruiting THIS IS PART OF EM HPP - Chris Brantley manages - We can do matching services POC/Beau attended EM ATL and other EMx.  Account Manager role is reglar communication, follow up, advise","","","000000000000000AAA","0"
"068f4000009Hvk4AAC","069f4000008hQb3AAE","1","","05Tf400000UjyuiEAB","4","Sheri's Notes to ACCT MGR","","","A","N","Sheri's Notes to ACCT MGR.snote","0","0","2019-04-23 23:39:38","005f40000042AhBAAU","0","0","","","005f40000042AhBAAU","005f40000042AhBAAU","2019-04-23 23:39:38","005f40000042AhBAAU","2019-04-23 23:39:38","2019-04-23 23:39:38","SNOTE","P","10972","000000000000000AAA","H","S","Sheri was acct mgr has had numberous conversations with Josephine (main poc) and Beth. Have done intro email to the the other POC. Have invited to events but have not attended. Are not a sponsor. Josephine always sends career fair flyers to Sheri and Sher","","","000000000000000AAA","0"
"068f4000009HvkxAAC","069f4000008hQc1AAE","0","","05Tf400000UjyyBEAR","1","Sheri's Notes to ACCT MGR","","","A","N","Sheri's Notes to ACCT MGR.snote","0","0","2019-04-23 23:41:28","005f40000042AhBAAU","0","0","","","005f40000042AhBAAU","005f40000042AhBAAU","2019-04-23 23:41:28","005f40000042AhBAAU","2019-04-23 23:41:29","2019-04-23 23:41:39","SNOTE","P","7","005f40000042AhBAAU","H","S","","","","000000000000000AAA","0"
"068f4000009HvlCAAS","069f4000008hQc1AAE","1","","05Tf400000UjyykEAB","2","Sheri's Notes to ACCT MGR","","","A","N","Sheri's Notes to ACCT MGR.snote","0","0","2019-04-23 23:41:39","005f40000042AhBAAU","0","0","","","005f40000042AhBAAU","005f40000042AhBAAU","2019-04-23 23:41:39","005f40000042AhBAAU","2019-04-23 23:41:39","2019-04-23 23:41:39","SNOTE","P","7347","000000000000000AAA","H","S","Account: Bloom Energy Account Manager: Was Sheri Selleck Action: Assign to an Account Manager, it should be loaded into SF already, send intro Sheri has posted positions in SLACK in December Has had 1 intro call.  Needs regular follow up if Acct Mgr see v","","","000000000000000AAA","0"
"068f4000009HvlvAAC","069f4000008hQckAAE","0","","05Tf400000Ujz2SEAR","1","Sheri's Notes to ACCT MGR","","","A","N","Sheri's Notes to ACCT MGR.snote","0","0","2019-04-23 23:45:43","005f40000042AhBAAU","0","0","","","005f40000042AhBAAU","005f40000042AhBAAU","2019-04-23 23:45:43","005f40000042AhBAAU","2019-04-23 23:45:44","2019-04-23 23:45:59","SNOTE","P","7","005f40000042AhBAAU","H","S","","","","000000000000000AAA","0"
"068f4000009HvmFAAS","069f4000008hQckAAE","1","","05Tf400000Ujz3aEAB","2","Sheri's Notes to ACCT MGR","","","A","N","Sheri's Notes to ACCT MGR.snote","0","0","2019-04-23 23:45:59","005f40000042AhBAAU","0","0","","","005f40000042AhBAAU","005f40000042AhBAAU","2019-04-23 23:45:59","005f40000042AhBAAU","2019-04-23 23:45:59","2019-04-23 23:46:00","SNOTE","P","8198","000000000000000AAA","H","S","Account: Dell Account Manager: Was Sheri Selleck Action: Assign to an Account Manager, it should be loaded into SF already, send intro This is a very large multi national organization with many job opportunities in a variety of fields.  Just starting our","","","000000000000000AAA","0"
"068f4000009HvmoAAC","069f4000008hQdYAAU","0","","05Tf400000Ujz5gEAB","1","Initial Email from John","","","A","N","Initial Email from John.snote","0","0","2019-04-23 23:49:40","005f40000042AhBAAU","0","0","","","005f40000042AhBAAU","005f40000042AhBAAU","2019-04-23 23:49:40","005f40000042AhBAAU","2019-04-23 23:49:41","2019-04-23 23:49:53","SNOTE","P","7","005f40000042AhBAAU","H","S","","","","000000000000000AAA","0"
"068f4000009HvmtAAC","069f4000008hQdYAAU","1","","05Tf400000Ujz5lEAB","2","Initial Email from John","","","A","N","Initial Email from John.snote","0","0","2019-04-23 23:49:52","005f40000042AhBAAU","0","0","","","005f40000042AhBAAU","005f40000042AhBAAU","2019-04-23 23:49:52","005f40000042AhBAAU","2019-04-23 23:49:52","2019-04-23 23:49:52","SNOTE","P","1044","000000000000000AAA","H","S","Sheri, Ben Lerner is our POC at Audeliss, which is a diversity focused executive search firm who is sponsoring us. They are donating $2,500.00 to Elite Meet (unrestricted) and it will be treated like a $5K banner sponsor for the Q3 EM NYC event. Can you p","","","000000000000000AAA","0"
"068f4000009IBMoAAO","069f4000008hfW4AAI","0","","05Tf400000UkebdEAB","1","Sheri's Notes","","","A","N","Sheri's Notes.snote","0","0","2019-04-25 02:58:14","005f40000042AhBAAU","0","0","","","005f40000042AhBAAU","005f40000042AhBAAU","2019-04-25 02:58:13","005f40000042AhBAAU","2019-04-25 02:58:14","2019-04-25 02:58:17","SNOTE","P","7","005f40000042AhBAAU","H","S","","","","000000000000000AAA","0"
"068f4000009IBMtAAO","069f4000008hfW4AAI","1","","05Tf400000UkebiEAB","2","Sheri's Notes","","","A","N","Sheri's Notes.snote","0","0","2019-04-25 02:58:17","005f40000042AhBAAU","0","0","","","005f40000042AhBAAU","005f40000042AhBAAU","2019-04-25 02:58:17","005f40000042AhBAAU","2019-04-25 02:58:17","2019-04-25 02:58:17","SNOTE","P","13448","000000000000000AAA","H","S","Sheri has been the Acct Mgr with this employer since mid 2018. Has hired our veterans. you are welcome to do a joint call with Sheri with this or any employer so you can learn top points we need to cover and get used to the corporate language we're using.","","","000000000000000AAA","0"
"068f4000009IUC0AAO","069f4000008hxckAAA","0","","05Tf400000UlSlJEAV","1","Initial Phone Call","","","A","N","Initial Phone Call.snote","0","0","2019-04-26 15:52:32","005f40000042AhBAAU","0","0","","","005f40000042AhBAAU","005f40000042AhBAAU","2019-04-26 15:52:09","005f40000042AhBAAU","2019-04-26 15:52:32","2019-04-26 15:52:39","SNOTE","P","89","005f40000042AhBAAU","H","S","Sean is a former Air Force F-18 pilot. Knows Gray Ricketts a little as he was one","","","000000000000000AAA","0"
"068f4000009IUVBAA4","069f4000008hxvMAAQ","0","","05Tf400000UlRsZEAV","1","Sheri's Notes","","","A","N","Sheri's Notes.snote","0","0","2019-04-26 15:45:16","005f40000042AhBAAU","0","0","","","005f40000042AhBAAU","005f40000042AhBAAU","2019-04-26 15:45:16","005f40000042AhBAAU","2019-04-26 15:45:17","2019-04-26 15:45:31","SNOTE","P","7","005f40000042AhBAAU","H","S","","","","000000000000000AAA","0"
"068f4000009IUVkAAO","069f4000008hxvMAAQ","1","","05Tf400000UlSIWEA3","2","Sheri's Notes","","","A","N","Sheri's Notes.snote","0","0","2019-04-26 15:45:31","005f40000042AhBAAU","0","0","","","005f40000042AhBAAU","005f40000042AhBAAU","2019-04-26 15:45:31","005f40000042AhBAAU","2019-04-26 15:45:31","2019-04-26 15:45:40","SNOTE","P","14799","000000000000000AAA","H","S","See email string for some background info. This employer came to EM San Francisco and interview all the veterans. They are a sponsor. Chris Brantley is contacting the POC to learn about some GM positions in the TX area. I let him know we wil be adding to","","","000000000000000AAA","0"
"068f4000009IUeNAAW","069f4000008hxckAAA","1","","05Tf400000UlSkdEAF","2","Initial Phone Call","","","A","N","Initial Phone Call.snote","0","0","2019-04-26 15:53:12","005f40000042AhBAAU","0","0","","","005f40000042AhBAAU","005f40000042AhBAAU","2019-04-26 15:52:39","005f40000042AhBAAU","2019-04-26 15:53:12","2019-04-26 15:53:12","SNOTE","P","214","000000000000000AAA","H","S","Sean is a former Air Force F-18 pilot. Knows Gray Ricketts (Gray was one of his students). Looking to help hire Associates at PwC looking younger aged people due to the career path to become partner is long.","","","000000000000000AAA","0"
"068f4000009Id9pAAC","069f4000008i6XEAAY","1","","05Tf400000UlpESEAZ","1","EliteMeet-EM Dallas Flyer v1","","","A","N","EliteMeet-EM Dallas Flyer v1.pdf","0","0","2019-04-28 03:40:59","005f4000003qsOhAAI","0","0","","","005f4000003qsOhAAI","005f4000003qsOhAAI","2019-04-28 03:40:59","005f4000003qsOhAAI","2019-04-30 08:33:13","2019-04-30 08:33:16","PDF","P","5049085","005f4000003qsOhAAI","H","S","","","","000000000000000AAA","1"
"068f4000009Ja2YAAS","069f4000008j0gVAAQ","1","","05Tf400000VM6u4EAD","1","Introduction Phone Call","","","A","N","Introduction Phone Call.snote","0","0","2019-05-02 20:24:08","005f40000042AhBAAU","0","0","","","005f40000042AhBAAU","005f40000042AhBAAU","2019-05-02 20:19:10","005f40000042AhBAAU","2019-05-02 20:24:08","2019-05-02 20:24:08","SNOTE","P","582","005f40000042AhBAAU","H","S","Henry Ages spoke with Ryan Saari over the phone on 4/26/19. Ryan saw John's post on LinkedIn and decided to reach out. Looking to replace his Business Development position and a Supply Chain Manager with Veterans and would love to have an EM memeber fill","","","000000000000000AAA","0"
"068f4000009JaIeAAK","069f4000008j0vYAAQ","1","","05Tf400000VM6lrEAD","1","Henry's Notes","","","A","N","Henry.snote","0","0","2019-05-02 20:31:41","005f40000042AhBAAU","0","0","","","005f40000042AhBAAU","005f40000042AhBAAU","2019-05-02 20:28:26","005f40000042AhBAAU","2019-05-02 20:31:41","2019-05-02 20:31:41","SNOTE","P","613","005f40000042AhBAAU","H","S","First phone call was with Kelly Needham. Easy going woman that has no clue about the military but understands the value of veterans in the organization. VF Corporations is HUGE, they own a lot but this call was mainly focused on the outdoor/fitness brands","","","000000000000000AAA","0"
"068f4000009JaRqAAK","069f4000008j146AAA","1","","05Tf400000VM80dEAD","1","Henry's Notes","","","A","N","Henry's Notes.snote","0","0","2019-05-02 20:41:23","005f40000042AhBAAU","0","0","","","005f40000042AhBAAU","005f40000042AhBAAU","2019-05-02 20:36:10","005f40000042AhBAAU","2019-05-02 20:41:23","2019-05-02 20:41:23","SNOTE","P","1083","005f40000042AhBAAU","H","S","Initial call with Jeffrey, awesome guy and former marine recon. He's been with company since he left the service and happy but wanting to hire some SOF veterans for sales/bd positions in the PNW area. Territories are large (SF-Seattle). Huge opportunities","","","000000000000000AAA","0"
"068f4000009JavCAAS","069f4000008j1VqAAI","0","","05Tf400000VM90SEAT","1","Untitled Note","","","A","N","Untitled Note.snote","0","0","2019-05-02 21:01:32","005f40000042AhBAAU","0","0","","","005f40000042AhBAAU","005f40000042AhBAAU","2019-05-02 21:01:32","005f40000042AhBAAU","2019-05-02 21:01:33","2019-05-02 21:01:37","SNOTE","P","12805","005f40000042AhBAAU","H","S","lead came for Mant Hawkins (Stathis Enterprises, a hiring employer and supporter) Have not done initial call Is not a sponsor This email and post was the first interaction.  Need to send email intro and schedule onboarding call/vetting. AM should have all","","","000000000000000AAA","0"
"068f4000009JavWAAS","069f4000008j1VqAAI","1","","05Tf400000VM90rEAD","2","Sherri's Notes","","","A","N","Sherri's Notes.snote","0","0","2019-05-02 21:01:36","005f40000042AhBAAU","0","0","","","005f40000042AhBAAU","005f40000042AhBAAU","2019-05-02 21:01:36","005f40000042AhBAAU","2019-05-02 21:01:36","2019-05-02 21:01:37","SNOTE","P","12805","000000000000000AAA","H","S","lead came for Mant Hawkins (Stathis Enterprises, a hiring employer and supporter) Have not done initial call Is not a sponsor This email and post was the first interaction.  Need to send email intro and schedule onboarding call/vetting. AM should have all","","","000000000000000AAA","0"
"068f4000009JazOAAS","069f4000008j1ZiAAI","0","","05Tf400000VM9AIEA1","1","Sherri's Notes","","","A","N","Sherri's Notes.snote","0","0","2019-05-02 21:05:09","005f40000042AhBAAU","0","0","","","005f40000042AhBAAU","005f40000042AhBAAU","2019-05-02 21:05:09","005f40000042AhBAAU","2019-05-02 21:05:10","2019-05-02 21:05:20","SNOTE","P","7","005f40000042AhBAAU","H","S","","","","000000000000000AAA","0"
"068f4000009JazxAAC","069f4000008j1ZiAAI","1","","05Tf400000VM9AwEAL","2","Sherri's Notes","","","A","N","Sherri's Notes.snote","0","0","2019-05-02 21:05:20","005f40000042AhBAAU","0","0","","","005f40000042AhBAAU","005f40000042AhBAAU","2019-05-02 21:05:20","005f40000042AhBAAU","2019-05-02 21:05:20","2019-05-02 21:05:20","SNOTE","P","1011","000000000000000AAA","H","S","Attended a sam diego emx at DLA Piper. Was i troduced to EM via the Randy Jones Foundation. See email string for poc info. This email is where I invited him to san diego happy hour.  Have not had an initial onboarding call Poc is not a recruiter but AM ca","","","000000000000000AAA","0"
"068f4000009K91KAAS","069f40000094WohAAE","1","","05Tf400000VNgcCEAT","1","Comms log","","","A","N","Comms.snote","0","0","2019-05-07 04:09:50","005f4000003qsOhAAI","0","0","","","005f4000003qsOhAAI","005f4000003qsOhAAI","2019-05-07 04:09:17","005f4000003qsOhAAI","2019-05-07 04:09:50","2019-05-07 04:09:50","SNOTE","P","85","005f4000003qsOhAAI","H","S","6 May - sent email to Sarah via Salesforce for an intro phone call this week.","","","000000000000000AAA","0"
"068f4000009KJR7AAO","069f40000094gm7AAA","1","","05Tf400000VO8tMEAT","1","Initial Phone Call with Lynsi","","","A","N","Initial Phone Call with Lyn.snote","0","0","2019-05-07 18:44:43","005f40000042AhBAAU","0","0","","","005f40000042AhBAAU","005f40000042AhBAAU","2019-05-07 18:36:32","005f40000042AhBAAU","2019-05-07 18:44:44","2019-05-07 18:44:50","SNOTE","P","1213","005f40000042AhBAAU","H","S","Lynsi lives in Dallas and recently hired as the first dedicated recruiter for the company. Somewhat familiar with Special Operations community as she dated or currently dates a green beret. Explained Elite Meet, the talent we have, and veterans ability to","","","000000000000000AAA","0"
"068f4000009KOqkAAG","069f40000094lviAAA","0","","05Tf400000VONRjEAP","1","Comms log","","","A","N","Comms log.snote","0","0","2019-05-08 05:09:22","005f4000003qsOhAAI","0","0","","","005f4000003qsOhAAI","005f4000003qsOhAAI","2019-05-08 05:07:52","005f4000003qsOhAAI","2019-05-08 05:09:22","2019-05-09 01:01:05","SNOTE","P","168","005f4000003qsOhAAI","H","S","2 May: (also on VF Corp notes) Henry had a call with Kelly orienting her to Elite Meet. 7 May: Dave Low emailed the EM ACCT Mgr intro to Kelly.","","","000000000000000AAA","0"
"068f4000009Ke57AAC","069f400000950UDAAY","1","","05Tf400000VfmzuEAB","1","discovery","","","A","N","discovery.snote","0","0","2019-05-08 23:24:20","005f400000424IOAAY","0","0","","","005f400000424IOAAY","005f400000424IOAAY","2019-05-08 23:23:20","005f400000424IOAAY","2019-05-08 23:24:20","2019-05-08 23:24:20","SNOTE","P","225","005f400000424IOAAY","H","S","Wants to sponsro- asked for 5k and he wanted 2k. Said that he has to wait for the end of the month. Also, he has jobs that hover around the $20 range and wants access to less tiered veterans. Wants to support however.","","","000000000000000AAA","0"
"068f4000009KeNkAAK","069f400000950lJAAQ","0","","05Tf400000VfnvIEAR","1","Comms log","","","A","N","Comms log.snote","0","0","2019-05-09 00:59:48","005f4000003qsOhAAI","0","0","","","005f4000003qsOhAAI","005f4000003qsOhAAI","2019-05-09 00:57:52","005f4000003qsOhAAI","2019-05-09 00:59:48","2019-05-15 01:02:39","SNOTE","P","233","005f4000003qsOhAAI","H","S","7 May: Kelly Needham replied to intro email, replied via ACCT Mgr gmail for phone call next week, 16 May 1300MST // 0900 HST. I need to work out or find her office # or preferred platform for the call (Zoom, skype, etc). - Low","","","000000000000000AAA","0"
"068f4000009KeOiAAK","069f40000094lviAAA","1","","05Tf400000VfnxNEAR","2","Comms log","","","A","N","Comms log.snote","0","0","2019-05-09 01:02:12","005f4000003qsOhAAI","0","0","","","005f4000003qsOhAAI","005f4000003qsOhAAI","2019-05-09 01:01:05","005f4000003qsOhAAI","2019-05-09 01:02:12","2019-05-09 01:02:12","SNOTE","P","351","000000000000000AAA","H","S","2 May: (also on VF Corp notes) Henry had a call with Kelly orienting her to Elite Meet. 7 May: Dave Low emailed the EM ACCT Mgr intro to Kelly. 8 May: Kelly replied to intro email, I sent via ACCT mgr gmail confirming intro phone call next week 16 May 130","","","000000000000000AAA","0"
"068f4000009KeUHAA0","069f400000950rRAAQ","1","","05Tf400000VfoBNEAZ","1","Job Specific Phone Call with Lynsi","","","A","N","Job Specific.snote","0","0","2019-05-09 02:10:07","005f4000003qsOhAAI","0","0","","","005f4000003qsOhAAI","005f4000003qsOhAAI","2019-05-09 02:04:32","005f4000003qsOhAAI","2019-05-09 02:10:07","2019-05-09 02:10:08","SNOTE","P","535","005f4000003qsOhAAI","H","S","Lynsi just began her new position with Briggs Equipment.  Her boss's son and nephew are both SEALs which is why he has become dedicated to hiring Veterans for his company.  Lynsi currently has two positions available that she wants to fill by the end of S","","","000000000000000AAA","0"
"068f4000009Kg1HAAS","069f400000952LwAAI","1","","05Tf400000VfssNEAR","1","5/9/2018","","","A","N","5/9/2018.snote","0","0","2019-05-09 12:39:36","005f4000003qsOhAAI","0","0","","","005f4000003qsOhAAI","005f4000003qsOhAAI","2019-05-09 12:37:38","005f4000003qsOhAAI","2019-05-09 12:39:36","2019-05-09 12:39:37","SNOTE","P","295","005f4000003qsOhAAI","H","S","Spoke with Beau about building a formalized action plan for EM members to access Amazon jobs. Need to follow up on list of recruiters by business lines Follow up on EM Seattle - Amazon would like to Sponsor Need to get Beau more info on Pathways program","","","000000000000000AAA","0"
"068f4000009Kn5VAAS","069f4000009599EAAQ","0","","05Tf400000VgCsmEAF","1","Sheri's Notes","","","A","N","Sheri's Notes.snote","0","0","2019-05-09 17:14:53","005f40000042AhBAAU","0","0","","","005f40000042AhBAAU","005f40000042AhBAAU","2019-05-09 17:14:53","005f40000042AhBAAU","2019-05-09 17:14:55","2019-05-09 17:15:41","SNOTE","P","7","005f40000042AhBAAU","H","S","","","","000000000000000AAA","0"
"068f4000009Kn5kAAC","069f4000009599EAAQ","1","","05Tf400000VgCtVEAV","2","Sheri's Notes","","","A","N","Sheri's Notes.snote","0","0","2019-05-09 17:15:15","005f40000042AhBAAU","0","0","","","005f40000042AhBAAU","005f40000042AhBAAU","2019-05-09 17:15:15","005f40000042AhBAAU","2019-05-09 17:15:15","2019-05-09 17:15:41","SNOTE","P","31988","000000000000000AAA","H","S","Brady and Sheri,   Thank you again for the time that both of you spent to get to know my business in our conversations last year.   We are continuing to grow at a pretty significant rate and we are still hiring across every department of our organization.","","","000000000000000AAA","0"
"068f4000009KnHgAAK","069f400000959KgAAI","0","","05Tf400000VgDKCEA3","1","Sheri's Notes","","","A","N","Sheri's Notes.snote","0","0","2019-05-09 17:23:39","005f40000042AhBAAU","0","0","","","005f40000042AhBAAU","005f40000042AhBAAU","2019-05-09 17:23:39","005f40000042AhBAAU","2019-05-09 17:23:41","2019-05-09 17:23:49","SNOTE","P","7","005f40000042AhBAAU","H","S","","","","000000000000000AAA","0"
"068f4000009KnI5AAK","069f400000959KgAAI","1","","05Tf400000VgDLUEA3","2","Sheri's Notes","","","A","N","Sheri's Notes.snote","0","0","2019-05-09 17:23:49","005f40000042AhBAAU","0","0","","","005f40000042AhBAAU","005f40000042AhBAAU","2019-05-09 17:23:49","005f40000042AhBAAU","2019-05-09 17:23:49","2019-05-09 17:23:50","SNOTE","P","2022","000000000000000AAA","H","S","Zach Marshall is an existing Elite Meet veteran member and volunteer, and is also a hiring employer. We need to get his employer information, add him to Salesforce and assign to an Account Manager. He will be hiring in the near future and knows our proces","","","000000000000000AAA","0"
"068f4000009KnI6AAK","069f400000959MDAAY","0","","05Tf400000VgDLVEA3","1","Sheri's Notes","","","A","N","Sheri's Notes.snote","0","0","2019-05-09 17:24:20","005f40000042AhBAAU","0","0","","","005f40000042AhBAAU","005f40000042AhBAAU","2019-05-09 17:24:20","005f40000042AhBAAU","2019-05-09 17:24:20","2019-05-09 17:24:29","SNOTE","P","7","005f40000042AhBAAU","H","S","","","","000000000000000AAA","0"
"068f4000009KnJXAA0","069f400000959MDAAY","1","","05Tf400000VgDPHEA3","2","Sheri's Notes","","","A","N","Sheri's Notes.snote","0","0","2019-05-09 17:24:29","005f40000042AhBAAU","0","0","","","005f40000042AhBAAU","005f40000042AhBAAU","2019-05-09 17:24:29","005f40000042AhBAAU","2019-05-09 17:24:29","2019-05-09 17:24:29","SNOTE","P","6100","000000000000000AAA","H","S","Assign to Account Manager is not a sponsor need to be invited to webinar need to build out relationship - haven't spoke to in awhile buy have posted whenever POC emailed me Give them EMx schedule - invite invite to July 24/25 Dallas conference - see if th","","","000000000000000AAA","0"
"068f4000009btSAAAY","069f40000095SCCAA2","1","","05Tf400000Vh3nHEAR","1","Phone Call with Mike Quinlan","","","A","N","Phone Call with Mike Quin.snote","0","0","2019-05-10 20:43:22","005f4000003qsOhAAI","0","0","","","005f4000003qsOhAAI","005f4000003qsOhAAI","2019-05-10 20:40:35","005f4000003qsOhAAI","2019-05-10 20:43:22","2019-05-10 20:43:22","SNOTE","P","484","005f4000003qsOhAAI","H","S","Spoke to Mike about the EM community.  He is a former Navy pilot and wants to continue staying in contact with the EM community.  Currently he has no positions that he is seeking to fill but plans to stay in touch.  His gmail listed is not the best email","","","000000000000000AAA","0"
"068f4000009btaJAAQ","069f40000095SJwAAM","1","","05Tf400000Vh3zDEAR","1","Mike Quinlan Former contact info","","","A","N","Untitled Note.snote","0","0","2019-05-10 20:49:36","005f4000003qsOhAAI","0","0","","","005f4000003qsOhAAI","005f4000003qsOhAAI","2019-05-10 20:48:30","005f4000003qsOhAAI","2019-05-10 20:49:36","2019-05-10 20:49:37","SNOTE","P","253","005f4000003qsOhAAI","H","S","Mike rarely use this email: mikequinlan06@gmail.com Instead he prefers his work email: Mike@vectacadvisory.com","","","000000000000000AAA","0"
"068f4000009btcUAAQ","069f40000095SLxAAM","0","","05Tf400000Vh44MEAR","1","Email Coorspondence with Jeffrey","","","A","N","Email Coorspondence with.snote","0","0","2019-05-10 20:52:05","005f4000003qsOhAAI","0","0","","","005f4000003qsOhAAI","005f4000003qsOhAAI","2019-05-10 20:50:45","005f4000003qsOhAAI","2019-05-10 20:52:05","2019-05-10 20:52:10","SNOTE","P","25","005f4000003qsOhAAI","H","S","Phone call is 0700","","","000000000000000AAA","0"
"068f4000009btdIAAQ","069f40000095SLxAAM","1","","05Tf400000Vh460EAB","2","Email Coorspondence with Jeffrey","","","A","N","Email Coorspondence with Jeffrey.snote","0","0","2019-05-10 20:52:49","005f4000003qsOhAAI","0","0","","","005f4000003qsOhAAI","005f4000003qsOhAAI","2019-05-10 20:52:10","005f4000003qsOhAAI","2019-05-10 20:52:49","2019-05-10 20:52:49","SNOTE","P","186","000000000000000AAA","H","S","Jeffrey is extremely excited about working with the EM community to fill positions.  Phone call established for 0700 on Monday 13 May for further discussion on filling positions.","","","000000000000000AAA","0"
"068f4000009btf4AAA","069f40000095SOIAA2","1","","05Tf400000Vh49XEAR","1","Correspondence with Ryan","","","A","N","Contact with Ry.snote","0","0","2019-05-10 20:55:57","005f4000003qsOhAAI","0","0","","","005f4000003qsOhAAI","005f4000003qsOhAAI","2019-05-10 20:54:04","005f4000003qsOhAAI","2019-05-10 20:55:57","2019-05-10 20:55:57","SNOTE","P","245","005f4000003qsOhAAI","H","S","Email was sent on Tuesday 7 May with no response received.  Follow on phone call and voice message was sent early Friday morning 10 May, 2019 with no response received.  Will call again early next week and attempt to make the connection.","","","000000000000000AAA","0"
"068f4000009bthZAAQ","069f40000095SQdAAM","1","","05Tf400000Vh4GGEAZ","1","Introduction to Wes Slagle","","","A","N","Introduction to Wes S.snote","0","0","2019-05-10 20:58:47","005f4000003qsOhAAI","0","0","","","005f4000003qsOhAAI","005f4000003qsOhAAI","2019-05-10 20:56:40","005f4000003qsOhAAI","2019-05-10 20:58:47","2019-05-10 20:58:47","SNOTE","P","356","005f4000003qsOhAAI","H","S","Email was sent to Wes on 7 May, no response received.  Phone call was made to Wes on 10 May which was picked up by a colleague of his.  Wes was currently away from his desk.  Message was left with Wes's colleague, however, no phone call was returned. Will","","","000000000000000AAA","0"
"068f4000009cPwCAAU","069f40000095xoxAAA","0","","05Tf400000ViV2jEAF","1","Sheris Notes","","","A","N","Sheris Notes.snote","0","0","2019-05-14 19:10:10","005f40000042AhBAAU","0","0","","","005f40000042AhBAAU","005f40000042AhBAAU","2019-05-14 19:10:10","005f40000042AhBAAU","2019-05-14 19:10:11","2019-05-14 19:10:19","SNOTE","P","7","005f40000042AhBAAU","H","S","","","","000000000000000AAA","0"
"068f4000009cQ0XAAU","069f40000095xoxAAA","0","","05Tf400000ViV3DEAV","2","Sheris Notes","","","A","N","Sheris Notes.snote","0","0","2019-05-14 19:10:19","005f40000042AhBAAU","0","0","","","005f40000042AhBAAU","005f40000042AhBAAU","2019-05-14 19:10:19","005f40000042AhBAAU","2019-05-14 19:10:19","2019-05-14 19:10:53","SNOTE","P","3960","000000000000000AAA","H","S","TREMCO Not a sponsor have not attended events This is a national company with higher level opportunities. They do have a lot of lower level positions that are not relevant. The POC is head on NE regions -- not the whole company and would be good to connec","","","000000000000000AAA","0"
"068f4000009cQ1zAAE","069f40000095xoxAAA","0","","05Tf400000ViV5nEAF","3","Sheris Note","","","A","N","Sheris Note.snote","0","0","2019-05-14 19:10:53","005f40000042AhBAAU","0","0","","","005f40000042AhBAAU","005f40000042AhBAAU","2019-05-14 19:10:53","005f40000042AhBAAU","2019-05-14 19:10:53","2019-05-14 19:10:58","SNOTE","P","3960","000000000000000AAA","H","S","TREMCO Not a sponsor have not attended events This is a national company with higher level opportunities. They do have a lot of lower level positions that are not relevant. The POC is head on NE regions -- not the whole company and would be good to connec","","","000000000000000AAA","0"
"068f4000009cQ20AAE","069f40000095xoxAAA","1","","05Tf400000ViV5oEAF","4","Sheris Note #1","","","A","N","Sheris Note #1.snote","0","0","2019-05-14 19:10:58","005f40000042AhBAAU","0","0","","","005f40000042AhBAAU","005f40000042AhBAAU","2019-05-14 19:10:58","005f40000042AhBAAU","2019-05-14 19:10:58","2019-05-14 19:10:58","SNOTE","P","3960","000000000000000AAA","H","S","TREMCO Not a sponsor have not attended events This is a national company with higher level opportunities. They do have a lot of lower level positions that are not relevant. The POC is head on NE regions -- not the whole company and would be good to connec","","","000000000000000AAA","0"
"068f4000009cQ2YAAU","069f40000095xupAAA","0","","05Tf400000ViV5pEAF","1","Sheri Note #2","","","A","N","Sheri Note.snote","0","0","2019-05-14 19:11:10","005f40000042AhBAAU","0","0","","","005f40000042AhBAAU","005f40000042AhBAAU","2019-05-14 19:11:06","005f40000042AhBAAU","2019-05-14 19:11:10","2019-05-14 19:11:12","SNOTE","P","7","005f40000042AhBAAU","H","S","","","","000000000000000AAA","0"
"068f4000009cQ2nAAE","069f40000095xupAAA","1","","05Tf400000ViV75EAF","2","Sheri Note #2","","","A","N","Sheri Note #2.snote","0","0","2019-05-14 19:11:12","005f40000042AhBAAU","0","0","","","005f40000042AhBAAU","005f40000042AhBAAU","2019-05-14 19:11:12","005f40000042AhBAAU","2019-05-14 19:11:12","2019-05-14 19:11:12","SNOTE","P","2655","000000000000000AAA","H","S","See email string.  Henry - please forward to Tremco AM to post position and log. Brandon - please connect with POC about possibility for northeast and Nashville EMx. Also, please make sure POC is on Dallas invite list and inquire if there's a Tremco POC i","","","000000000000000AAA","0"
"068f4000009cQKhAAM","069f40000095yC0AAI","0","","05Tf400000ViVwnEAF","1","Sheri's Email 5/10/19","","","A","N","Sheri.snote","0","0","2019-05-14 19:18:30","005f40000042AhBAAU","0","0","","","005f40000042AhBAAU","005f40000042AhBAAU","2019-05-14 19:18:22","005f40000042AhBAAU","2019-05-14 19:18:30","2019-05-14 19:18:40","SNOTE","P","7","005f40000042AhBAAU","H","S","","","","000000000000000AAA","0"
"068f4000009cQLaAAM","069f40000095yC0AAI","1","","05Tf400000ViVyTEAV","2","Sheri's Email 5/10/19","","","A","N","Sheri's Email 5/10/19.snote","0","0","2019-05-14 19:18:40","005f40000042AhBAAU","0","0","","","005f40000042AhBAAU","005f40000042AhBAAU","2019-05-14 19:18:40","005f40000042AhBAAU","2019-05-14 19:18:40","2019-05-14 19:18:41","SNOTE","P","8419","000000000000000AAA","H","S","Sheri Selleck Fri, May 10, 3:13 PM (4 days ago) to  me GARTNER I posted this in SLACK.  Kind Regards, Sheri Selleck Director of Outreach Elite Meet (619) 838-7415 Cell & Text sheri@elitemeet.us https://www.elitemeet.us/ Donate  -  Help Elite Veterans Secu","","","000000000000000AAA","0"
"068f4000009cR17AAE","069f40000095yrNAAQ","0","","05Tf400000ViXlvEAF","1","Sheri Email 5/14","","","A","N","Sheri Email 5/.snote","0","0","2019-05-14 19:42:15","005f40000042AhBAAU","0","0","","","005f40000042AhBAAU","005f40000042AhBAAU","2019-05-14 19:42:14","005f40000042AhBAAU","2019-05-14 19:42:15","2019-05-14 19:42:27","SNOTE","P","7","005f40000042AhBAAU","H","S","","","","000000000000000AAA","0"
"068f4000009cR1MAAU","069f40000095yrNAAQ","1","","05Tf400000ViXmAEAV","2","Sheri Email 5/14","","","A","N","Sheri Email 5/14.snote","0","0","2019-05-14 19:42:27","005f40000042AhBAAU","0","0","","","005f40000042AhBAAU","005f40000042AhBAAU","2019-05-14 19:42:27","005f40000042AhBAAU","2019-05-14 19:42:27","2019-05-14 19:42:28","SNOTE","P","4653","000000000000000AAA","H","S","forward to Raytheon for post and log -- and follow up re any jobs we can highlight and dallas conference. flyer and conf website forthcoming Kind Regards, Sheri Selleck Director of Outreach Elite Meet (619) 838-7415 Cell & Text sheri@elitemeet.us https://","","","000000000000000AAA","0"
"068f4000009cS0AAAU","069f40000095znCAAQ","1","","05Tf400000ViaB3EAJ","1","First Call - Henry","","","A","N","First Call.snote","0","0","2019-05-14 20:19:15","005f40000042AhBAAU","0","0","","","005f40000042AhBAAU","005f40000042AhBAAU","2019-05-14 20:14:56","005f40000042AhBAAU","2019-05-14 20:19:15","2019-05-14 20:19:16","SNOTE","P","876","005f40000042AhBAAU","H","S","Referred by Jon Allen. Adam Trenkle started out as a sales rep and now the Sales Vice President, Mid-Market at ANSYS. Located in Orange County, CA. Looking for Sales reps all over the USA. All positions start at $180k-$230k depending on experience. Lookin","","","000000000000000AAA","0"
"068f4000009cUfAAAU","069f400000962F8AAI","0","","05Tf400000VihJDEAZ","1","Comms log","","","A","N","Comms log.snote","0","0","2019-05-15 00:05:50","005f4000003qsOhAAI","0","0","","","005f4000003qsOhAAI","005f4000003qsOhAAI","2019-05-15 00:04:20","005f4000003qsOhAAI","2019-05-15 00:05:50","2019-05-16 18:38:14","SNOTE","P","293","005f4000003qsOhAAI","H","S","30 APR: sent email to Raytheon distro of EM Dallas event and intro (no response as of 14 MAY) - Low 14 May: emailed same distro with EM Dallas date and location update, asker if for openings they want us to plug and confirm/deny their participation or att","","","000000000000000AAA","0"
"068f4000009cUl8AAE","069f400000962KmAAI","0","","05Tf400000VihYYEAZ","1","Comms log","","","A","N","Comms log.snote","0","0","2019-05-15 00:38:06","005f4000003qsOhAAI","0","0","","","005f4000003qsOhAAI","005f4000003qsOhAAI","2019-05-15 00:36:52","005f4000003qsOhAAI","2019-05-15 00:38:06","2019-05-16 18:37:30","SNOTE","P","246","005f4000003qsOhAAI","H","S","30 APR: sent intro email and JUN EM-Dallas event; no response - Low 14 May: emailed follow-up email to Levy of EM Dallas date and venue change; asker for participation in EM Dallas or a separate event (webinar, EMx). - Low","","","000000000000000AAA","0"
"068f4000009cUoCAAU","069f400000962NgAAI","1","","05Tf400000VihgCEAR","1","Phone Call with Jeffrey","","","A","N","Phone Call with Jeffrey.snote","0","0","2019-05-15 00:57:27","005f4000003qsOhAAI","0","0","","","005f4000003qsOhAAI","005f4000003qsOhAAI","2019-05-15 00:55:55","005f4000003qsOhAAI","2019-05-15 00:57:27","2019-05-15 00:57:27","SNOTE","P","215","005f4000003qsOhAAI","H","S","Jeffrey wants to hire ASAP for two different sales positions.  One is in the PNW and one is located near NYC.  He is incredibly excited to have tapped into the EM community.   This is a good contact to have.","","","000000000000000AAA","0"
"068f4000009cUpKAAU","069f400000950lJAAQ","0","","05Tf400000VihimEAB","2","Comms log","","","A","N","Comms log.snote","0","0","2019-05-15 01:02:38","005f4000003qsOhAAI","0","0","","","005f4000003qsOhAAI","005f4000003qsOhAAI","2019-05-15 01:02:38","005f4000003qsOhAAI","2019-05-15 01:02:38","2019-05-16 18:31:51","SNOTE","P","138","000000000000000AAA","H","S","7 May: Kelly Needham replied to intro email, replied via ACCT Mgr gmail for phone call next week, 16 May 1300MST // 0900 HST. - Low","","","000000000000000AAA","0"
"068f4000009cg5tAAA","069f40000096DI8AAM","0","","05Tf400000VjCbxEAF","1","Call w/ Helene Weissburg","","","A","N","Call w/ Helene Wei.snote","0","0","2019-05-15 18:19:42","005f40000042AhBAAU","0","0","","","005f40000042AhBAAU","005f40000042AhBAAU","2019-05-15 18:19:40","005f40000042AhBAAU","2019-05-15 18:19:42","2019-05-15 18:35:02","SNOTE","P","7","005f40000042AhBAAU","H","S","","","","000000000000000AAA","0"
"068f4000009cgZUAAY","069f40000096DI8AAM","1","","05Tf400000VjDlYEAV","2","Call w/ Helene Weissburg","","","A","N","Call w/ Helene Weissburg.snote","0","0","2019-05-15 18:37:05","005f40000042AhBAAU","0","0","","","005f40000042AhBAAU","005f40000042AhBAAU","2019-05-15 18:35:02","005f40000042AhBAAU","2019-05-15 18:37:05","2019-05-15 18:37:06","SNOTE","P","469","000000000000000AAA","H","S","Intro Call. Started off right away saying she isnt the best to speak with since she only focuses on Executive level hires and that only veterans that have had 10 years private sector experience outside the military would be what they're looking for. I exp","","","000000000000000AAA","0"
"068f4000009cgjeAAA","069f40000096DuCAAU","0","","05Tf400000VjE6vEAF","1","Sheri's Notes","","","A","N","Sheri.snote","0","0","2019-05-15 18:41:52","005f40000042AhBAAU","0","0","","","005f40000042AhBAAU","005f40000042AhBAAU","2019-05-15 18:41:50","005f40000042AhBAAU","2019-05-15 18:41:52","2019-05-15 18:42:05","SNOTE","P","7","005f40000042AhBAAU","H","S","","","","000000000000000AAA","0"
"068f4000009cgkNAAQ","069f40000096DuCAAU","1","","05Tf400000VjE6cEAF","2","Sheri's Notes for AM","","","A","N","Sheri's Notes.snote","0","0","2019-05-15 18:42:09","005f40000042AhBAAU","0","0","","","005f40000042AhBAAU","005f40000042AhBAAU","2019-05-15 18:42:05","005f40000042AhBAAU","2019-05-15 18:42:09","2019-05-15 18:42:09","SNOTE","P","5604","000000000000000AAA","H","S","Korn Ferry https://www.kornferry.com/ https://www.kornferry.com/candidates HENRY New employer  add to SF  assign to AM Have AM send into email and request brief call not a sponsor I had a 20 minute overview call but didn't get into detail on conference EM","","","000000000000000AAA","0"
"068f4000009cwaZAAQ","069f400000950lJAAQ","0","","05Tf400000WksiWEAR","3","Comms log","","","A","N","Comms log.snote","0","0","2019-05-16 18:31:57","005f4000003qsOhAAI","0","0","","","005f4000003qsOhAAI","005f4000003qsOhAAI","2019-05-16 18:31:51","005f4000003qsOhAAI","2019-05-16 18:31:57","2019-05-16 18:32:05","SNOTE","P","178","000000000000000AAA","H","S","16 May 1300MST // 0900 HST. - Low 7 May: Kelly Needham replied to intro email, replied via ACCT Mgr gmail for phone call next week,","","","000000000000000AAA","0"
"068f4000009cxQyAAI","069f400000950lJAAQ","0","","05Tf400000WksisEAB","4","Comms log","","","A","N","Comms log.snote","0","0","2019-05-16 18:33:23","005f4000003qsOhAAI","0","0","","","005f4000003qsOhAAI","005f4000003qsOhAAI","2019-05-16 18:32:05","005f4000003qsOhAAI","2019-05-16 18:33:24","2019-05-17 00:15:05","SNOTE","P","310","000000000000000AAA","H","S","16 May: emailed response to Kelly from gmail to re-SKED intro call to later today or Friday. (had to take dog to vet), pending Kelly's response. - Low 7 May: Kelly Needham replied to intro email, replied via ACCT Mgr gmail for phone call next week, 16 May","","","000000000000000AAA","0"
"068f4000009cxVfAAI","069f400000962KmAAI","1","","05Tf400000WksiYEAR","2","Comms log","","","A","N","Comms log.snote","0","0","2019-05-16 18:37:33","005f4000003qsOhAAI","0","0","","","005f4000003qsOhAAI","005f4000003qsOhAAI","2019-05-16 18:37:30","005f4000003qsOhAAI","2019-05-16 18:37:33","2019-05-16 18:37:33","SNOTE","P","268","000000000000000AAA","H","S","14 May: emailed follow-up email to Levy of EM Dallas date and venue change; asker for participation in EM Dallas or a separate event (webinar, EMx). - Low 30 APR: sent intro email and JUN EM-Dallas event; no response - Low","","","000000000000000AAA","0"
"068f4000009cxajAAA","069f400000962F8AAI","1","","05Tf400000Wkt4IEAR","2","Comms log","","","A","N","Comms log.snote","0","0","2019-05-16 18:38:17","005f4000003qsOhAAI","0","0","","","005f4000003qsOhAAI","005f4000003qsOhAAI","2019-05-16 18:38:14","005f4000003qsOhAAI","2019-05-16 18:38:17","2019-05-16 18:38:17","SNOTE","P","315","000000000000000AAA","H","S","14 May: emailed same distro with EM Dallas date and location update, asker if for openings they want us to plug and confirm/deny their participation or attendance. - Low 30 APR: sent email to Raytheon distro of EM Dallas event and intro (no response as of","","","000000000000000AAA","0"
"068f4000009d2vEAAQ","069f400000950lJAAQ","0","","05Tf400000Wl70KEAR","5","Comms log","","","A","N","Comms log.snote","0","0","2019-05-17 00:15:55","005f4000003qsOhAAI","0","0","","","005f4000003qsOhAAI","005f4000003qsOhAAI","2019-05-17 00:15:05","005f4000003qsOhAAI","2019-05-17 00:15:55","2019-05-17 21:21:32","SNOTE","P","411","000000000000000AAA","H","S","16 May: Kelly agreed via email and rescheduled call for 1pm MST Friday, 17 May. Low 16 May: emailed response to Kelly from gmail to re-SKED intro call to later today or Friday. (had to take dog to vet), pending Kelly's response. - Low 7 May: Kelly Needham","","","000000000000000AAA","0"
"068f4000009dBCNAA2","069f400000950lJAAQ","0","","05Tf400000WlTomEAF","6","Comms log","","","A","N","Comms log.snote","0","0","2019-05-17 21:44:30","005f4000003qsOhAAI","0","0","","","005f4000003qsOhAAI","005f4000003qsOhAAI","2019-05-17 21:21:31","005f4000003qsOhAAI","2019-05-17 21:44:30","2019-05-17 22:03:57","SNOTE","P","2620","000000000000000AAA","H","S","17 May PHONECON: spoke with Kelly Needham 20min - initial agenda was to introduce myself, plug the webinar, EM-Dallas, understand VF Corp priorities, and how our community can fit. Tasks: F/U: we owe a webinar template or sample agenda F/U: need to share","","","000000000000000AAA","0"
"068f4000009dBXVAA2","069f400000950lJAAQ","0","","05Tf400000WlUJFEA3","7","Comms log","","","A","N","Comms log.snote","0","0","2019-05-17 22:05:58","005f4000003qsOhAAI","0","0","","","005f4000003qsOhAAI","005f4000003qsOhAAI","2019-05-17 22:03:57","005f4000003qsOhAAI","2019-05-17 22:05:58","2019-05-23 04:29:11","SNOTE","P","2641","000000000000000AAA","H","S","17 May PHONECON: spoke with Kelly Needham 20min - initial agenda was to introduce myself, plug the webinar, EM-Dallas, understand VF Corp priorities, and how our community can fit. Tasks: F/U: we owe a webinar template or sample agenda F/U: need to share","","","000000000000000AAA","0"
"068f4000009dCL1AAM","069f40000096iE2AAI","0","","05Tf400000WlagZEAR","1","5/17/2019","","","A","N","5.snote","0","0","2019-05-18 01:35:34","005f4000003qsOhAAI","0","0","","","005f4000003qsOhAAI","005f4000003qsOhAAI","2019-05-18 01:35:13","005f4000003qsOhAAI","2019-05-18 01:35:34","2019-05-18 01:35:51","SNOTE","P","61","005f4000003qsOhAAI","H","S","Beau and his team are interested in hosting EM Seattle","","","000000000000000AAA","0"
"068f4000009dCLGAA2","069f40000096iE2AAI","1","","05Tf400000WlaTXEAZ","2","5/17/2019","","","A","N","5/17/2019.snote","0","0","2019-05-18 01:36:28","005f4000003qsOhAAI","0","0","","","005f4000003qsOhAAI","005f4000003qsOhAAI","2019-05-18 01:35:51","005f4000003qsOhAAI","2019-05-18 01:36:28","2019-05-18 01:36:28","SNOTE","P","351","000000000000000AAA","H","S","Beau and his team are interested in hosting EM Seattle. Military Pathways Recruiter: tsayles Retail: knappw - Program Manager Military Recruiting Team AWS: TSC/SCI tech background Avaition: Amazon Air Host: EliteMeet Seattle - pay for catering, food, spac","","","000000000000000AAA","0"
"068f4000009dD4aAAE","069f40000096iwJAAQ","0","","05Tf400000WldI2EAJ","1","Phone Call with Wes","","","A","N","Phone Call with Wes.snote","0","0","2019-05-18 14:59:20","005f4000003qsOhAAI","0","0","","","005f4000003qsOhAAI","005f4000003qsOhAAI","2019-05-18 14:58:12","005f4000003qsOhAAI","2019-05-18 14:59:20","2019-05-18 14:59:30","SNOTE","P","145","005f4000003qsOhAAI","H","S","Spoke to Wes over the phone.  He seems dedicated to keeping EM in mind as he hears of possibilities.  He dis seem rather disinterested in","","","000000000000000AAA","0"
"068f4000009dD4kAAE","069f40000096iwJAAQ","0","","05Tf400000WldJnEAJ","2","Phone Call with Wes","","","A","N","Phone Call with Wes.snote","0","0","2019-05-18 15:01:00","005f4000003qsOhAAI","0","0","","","005f4000003qsOhAAI","005f4000003qsOhAAI","2019-05-18 14:59:30","005f4000003qsOhAAI","2019-05-18 15:01:00","2019-05-18 15:01:04","SNOTE","P","210","000000000000000AAA","H","S","Spoke to Wes over the phone.  He seems interested in keeping EM on his mind as he hears of job openings but since he is not an HR person he really someone who works in HR and therefore he is not someone","","","000000000000000AAA","0"
"068f4000009dD59AAE","069f40000096iwJAAQ","1","","05Tf400000WldKTEAZ","3","Phone Call with Wes","","","A","N","Phone Call with Wes.snote","0","0","2019-05-18 15:02:56","005f4000003qsOhAAI","0","0","","","005f4000003qsOhAAI","005f4000003qsOhAAI","2019-05-18 15:01:04","005f4000003qsOhAAI","2019-05-18 15:02:56","2019-05-18 15:02:57","SNOTE","P","437","000000000000000AAA","H","S","Spoke to Wes over the phone.  He seems interested in keeping EM on his mind as he hears of job openings, but since he is not an HR person, he most likely will not be actively pursuing working with us.  Rather, we should look to leverage him to make connec","","","000000000000000AAA","0"
"068f4000009dEN4AAM","069f40000096k8zAAA","1","","05Tf400000WlgbNEAR","1","Interested Candidates","","","A","N","Interested Candidates.snote","0","0","2019-05-19 17:56:00","005f4000003qsOhAAI","0","0","","","005f4000003qsOhAAI","005f4000003qsOhAAI","2019-05-19 17:54:44","005f4000003qsOhAAI","2019-05-19 17:56:00","2019-05-19 17:56:01","SNOTE","P","125","005f4000003qsOhAAI","H","S","Both interested in the Safety Position and both interested in relocating to Houston: Sean Roos Tony Perez","","","000000000000000AAA","0"
"068f4000009dENEAA2","069f40000096k99AAA","1","","05Tf400000Wlgc0EAB","1","Interested Candidates","","","A","N","Interested Candidates.snote","0","0","2019-05-19 17:57:36","005f4000003qsOhAAI","0","0","","","005f4000003qsOhAAI","005f4000003qsOhAAI","2019-05-19 17:56:43","005f4000003qsOhAAI","2019-05-19 17:57:36","2019-05-19 17:57:37","SNOTE","P","118","005f4000003qsOhAAI","H","S","Ian Fitzgerald is interested in the NYC sales position Greg Reck is interested in the PNW sales position","","","000000000000000AAA","0"
"068f4000009dLvcAAE","069f40000096rVWAAY","0","","05Tf400000Wlxh8EAB","1","Comms Log","","","A","N","Comms Log.snote","0","0","2019-05-20 16:03:51","005f4000003qsOhAAI","0","0","","","005f4000003qsOhAAI","005f4000003qsOhAAI","2019-05-20 16:03:43","005f4000003qsOhAAI","2019-05-20 16:03:51","2019-05-20 16:03:55","SNOTE","P","15","005f4000003qsOhAAI","H","S","20 May:","","","000000000000000AAA","0"
"068f4000009dLw1AAE","069f40000096rVWAAY","1","","05Tf400000Wlxp0EAB","2","Comms Log","","","A","N","Comms Log.snote","0","0","2019-05-20 16:03:57","005f4000003qsOhAAI","0","0","","","005f4000003qsOhAAI","005f4000003qsOhAAI","2019-05-20 16:03:55","005f4000003qsOhAAI","2019-05-20 16:03:57","2019-05-20 16:03:58","SNOTE","P","15","000000000000000AAA","H","S","## May:","","","000000000000000AAA","0"
"068f4000009eDPhAAM","069f400000950lJAAQ","1","","05Tf400000WoMDwEAN","8","Comms log","","","A","N","Comms log.snote","0","0","2019-05-23 04:40:25","005f4000003qsOhAAI","0","0","","","005f4000003qsOhAAI","005f4000003qsOhAAI","2019-05-23 04:29:10","005f4000003qsOhAAI","2019-05-23 04:40:25","2019-05-23 04:40:26","SNOTE","P","3092","000000000000000AAA","H","S","22 May: Kelly replied with webinar date/times: 6/24 at 9:00am PST; 6/25 at 12:00pm PST; 6/27 at 9:00am PST - posting on Slack for community feedback. Replied with swagged agenda, EM Dallas flyer and soon to follow a redacted EM demographic (purpose: to in","","","000000000000000AAA","0"
"068f4000009eDQkAAM","069f40000097hLJAAY","1","","05Tf400000WoMIFEA3","1","EliteMeet Dallas July 2019","","","A","N","EliteMeet Dallas July 2019.pdf","0","0","2019-05-23 05:07:44","005f4000003qsOhAAI","0","0","","","005f4000003qsOhAAI","005f4000003qsOhAAI","2019-05-23 05:07:44","005f4000003qsOhAAI","2019-05-23 05:19:53","2019-05-23 05:19:56","PDF","P","5049085","005f4000003qsOhAAI","H","S","","","","000000000000000AAA","1"
"068f4000009eIhOAAU","069f40000097mYSAAY","0","","05Tf400000WoYTBEA3","1","Sheri's Notes","","","A","N","Sheri's Notes.snote","0","0","2019-05-23 14:45:22","005f40000042AhBAAU","0","0","","","005f40000042AhBAAU","005f40000042AhBAAU","2019-05-23 14:45:22","005f40000042AhBAAU","2019-05-23 14:45:22","2019-05-23 14:45:32","SNOTE","P","7","005f40000042AhBAAU","H","S","","","","000000000000000AAA","0"
"068f4000009eIhPAAU","069f40000097mYSAAY","1","","05Tf400000WoYTCEA3","2","Sheri's Notes","","","A","N","Sheri's Notes.snote","0","0","2019-05-23 14:45:31","005f40000042AhBAAU","0","0","","","005f40000042AhBAAU","005f40000042AhBAAU","2019-05-23 14:45:31","005f40000042AhBAAU","2019-05-23 14:45:31","2019-05-23 14:45:32","SNOTE","P","6626","000000000000000AAA","H","S","Sheri Selleck Sun, May 19, 10:55 AM (4 days ago) to  me Berry Aviation. Do you have this one assigned? Need to put a note that they made a job offer to Tyler Williams.  Not sure if I sent this one to you yet with all the background.  Haven't had communica","","","000000000000000AAA","0"
"068f4000009eIjUAAU","069f40000097maYAAQ","0","","05Tf400000WoYgkEAF","1","New Hire!","","","A","N","Sheri's.snote","0","0","2019-05-23 14:46:32","005f40000042AhBAAU","0","0","","","005f40000042AhBAAU","005f40000042AhBAAU","2019-05-23 14:46:25","005f40000042AhBAAU","2019-05-23 14:46:33","2019-05-23 14:46:48","SNOTE","P","7","005f40000042AhBAAU","H","S","","","","000000000000000AAA","0"
"068f4000009eIkSAAU","069f40000097maYAAQ","0","","05Tf400000WoYpkEAF","2","New Hire!","","","A","N","New Hire!.snote","0","0","2019-05-23 14:46:48","005f40000042AhBAAU","0","0","","","005f40000042AhBAAU","005f40000042AhBAAU","2019-05-23 14:46:48","005f40000042AhBAAU","2019-05-23 14:46:48","2019-05-23 14:46:55","SNOTE","P","15549","000000000000000AAA","H","S","Sheri Selleck Fri, May 17, 6:06 PM (6 days ago) to  Josephine , bcc:  me AMAZING!!!! I am so glad to hear this, they really are all so amazing.  Let's get more hired for sure. Our next conference is July 24-25 in Dallas. 30-40 transitioning veterans. No c","","","000000000000000AAA","0"
"068f4000009eIkrAAE","069f40000097maYAAQ","1","","05Tf400000WoYjoEAF","3","New Hire! & Notes from Sheri","","","A","N","New Hire! & Notes from Sheri.snote","0","0","2019-05-23 14:46:55","005f40000042AhBAAU","0","0","","","005f40000042AhBAAU","005f40000042AhBAAU","2019-05-23 14:46:55","005f40000042AhBAAU","2019-05-23 14:46:55","2019-05-23 14:46:55","SNOTE","P","15549","000000000000000AAA","H","S","Sheri Selleck Fri, May 17, 6:06 PM (6 days ago) to  Josephine , bcc:  me AMAZING!!!! I am so glad to hear this, they really are all so amazing.  Let's get more hired for sure. Our next conference is July 24-25 in Dallas. 30-40 transitioning veterans. No c","","","000000000000000AAA","0"
"068f400000A5DjkAAF","069f4000009URTaAAO","0","","05Tf400000ZjSzlEAF","1","Untitled Note","","","A","N","Untitled Note.snote","0","0","2019-05-31 17:51:42","005f4000003qsOhAAI","0","0","","","005f4000003qsOhAAI","005f4000003qsOhAAI","2019-05-31 17:51:42","005f4000003qsOhAAI","2019-05-31 17:51:42","2019-05-31 17:51:45","SNOTE","P","10","005f4000003qsOhAAI","H","S","May","","","000000000000000AAA","0"
"068f400000A5DjpAAF","069f4000009URTaAAO","1","","05Tf400000ZjTWLEA3","2","Untitled Note","","","A","N","Untitled Note.snote","0","0","2019-05-31 18:00:22","005f4000003qsOhAAI","0","0","","","005f4000003qsOhAAI","005f4000003qsOhAAI","2019-05-31 17:51:45","005f4000003qsOhAAI","2019-05-31 18:00:22","2019-05-31 18:00:23","SNOTE","P","120","000000000000000AAA","H","S","Apply within 8 month window of availability STAR - Leadership principles metrics dive deep","","","000000000000000AAA","0"
"068f400000A5N5ZAAV","069f4000009UaJKAA0","1","","05Tf400000ZjyVsEAJ","1","EliteMeet Overview","","","A","N","EliteMeet Overview.pdf","0","0","2019-06-02 14:40:48","005f4000003qsOhAAI","0","0","","","005f4000003qsOhAAI","005f4000003qsOhAAI","2019-06-02 14:40:48","005f4000003qsOhAAI","2019-06-02 14:41:31","2019-06-02 14:41:41","PDF","P","5024235","005f4000003qsOhAAI","H","S","","","","000000000000000AAA","1"
"068f400000A5N5jAAF","069f4000009UaJUAA0","1","","05Tf400000ZjyW7EAJ","1","EliteMeet Overview","","","A","N","EliteMeet Overview.pdf","0","0","2019-06-02 14:44:12","005f4000003qsOhAAI","0","0","","","005f4000003qsOhAAI","005f4000003qsOhAAI","2019-06-02 14:44:12","005f4000003qsOhAAI","2019-06-02 14:45:11","2019-06-02 14:45:16","PDF","P","5024235","005f4000003qsOhAAI","H","S","","","","000000000000000AAA","1"
"068f400000A5N5tAAF","069f4000009UaJeAAK","1","","05Tf400000ZjyWMEAZ","1","EliteMeet Overview","","","A","N","EliteMeet Overview.pdf","0","0","2019-06-02 14:46:55","005f4000003qsOhAAI","0","0","","","005f4000003qsOhAAI","005f4000003qsOhAAI","2019-06-02 14:46:55","005f4000003qsOhAAI","2019-06-02 14:47:30","2019-06-02 14:47:37","PDF","P","5024235","005f4000003qsOhAAI","H","S","","","","000000000000000AAA","1"
"068f400000A5N63AAF","069f4000009UaJoAAK","1","","05Tf400000ZjyWbEAJ","1","EliteMeet Overview","","","A","N","EliteMeet Overview.pdf","0","0","2019-06-02 14:49:30","005f4000003qsOhAAI","0","0","","","005f4000003qsOhAAI","005f4000003qsOhAAI","2019-06-02 14:49:30","005f4000003qsOhAAI","2019-06-02 14:49:43","2019-06-02 14:49:49","PDF","P","5024235","005f4000003qsOhAAI","H","S","","","","000000000000000AAA","1"
"068f400000A5N6IAAV","069f4000009UaK3AAK","1","","05Tf400000ZjyXFEAZ","1","EliteMeet Overview","","","A","N","EliteMeet Overview.pdf","0","0","2019-06-02 14:52:05","005f4000003qsOhAAI","0","0","","","005f4000003qsOhAAI","005f4000003qsOhAAI","2019-06-02 14:52:05","005f4000003qsOhAAI","2019-06-02 14:52:37","2019-06-02 14:52:42","PDF","P","5024235","005f4000003qsOhAAI","H","S","","","","000000000000000AAA","1"
"068f400000Bfd9aAAB","069f400000BCJQuAAP","1","","05Tf400000oGQo9EAG","1","Dallas Event","","","A","N","Dallas Event.snote","0","0","2019-08-13 04:36:25","005f4000003qsOhAAI","0","0","","","005f4000003qsOhAAI","005f4000003qsOhAAI","2019-08-13 04:26:55","005f4000003qsOhAAI","2019-08-13 04:36:25","2019-08-13 04:36:25","SNOTE","P","62","005f4000003qsOhAAI","H","S","Briggs confirmed they were attending the Dallas Event.","","","000000000000000AAA","0"
"068f400000Bg0JeAAJ","069f400000BCfghAAD","1","","05Tf400000oHGCbEAO","1","Mike Quinlan left BNY","","","A","N","Mike Qu.snote","0","0","2019-08-13 21:13:30","005f4000003qsOhAAI","0","0","","","005f4000003qsOhAAI","005f4000003qsOhAAI","2019-08-13 21:11:13","005f4000003qsOhAAI","2019-08-13 21:13:30","2019-08-13 21:13:31","SNOTE","P","302","005f4000003qsOhAAI","H","S","Unfortunate news.  I spoke to Mike and he just left BNY to start his own business consulting firm.  Plan is to remain in contact with him as a future resource, however since he no longer works for BNY, we no longer can use him as our resource there.  Will","","","000000000000000AAA","0"
"068f400000Bg0ODAAZ","069f400000BCfl6AAD","1","","05Tf400000oHGFlEAO","1","Job Listing Northeast/MidAtlantic","","","A","N","Job Listing Northeast/.snote","0","0","2019-08-13 21:14:47","005f4000003qsOhAAI","0","0","","","005f4000003qsOhAAI","005f4000003qsOhAAI","2019-08-13 21:14:00","005f4000003qsOhAAI","2019-08-13 21:14:47","2019-08-13 21:14:48","SNOTE","P","202","005f4000003qsOhAAI","H","S","Jeff has a sales position open for the mid atlantic/ north east.  Looking to fill with EM members.  I pushed job details out via slack.  Waiting to hear from the community who may be interested.","","","000000000000000AAA","0"
"068f400000CuJTAAA3","069f400000BsdjhAAB","1","","05Tf400000zX3ALEA0","1","Unresponsive","","","A","N","Unresponsive.snote","0","0","2019-10-07 20:07:33","005f4000003qsOhAAI","0","0","","","005f4000003qsOhAAI","005f4000003qsOhAAI","2019-10-07 20:06:40","005f4000003qsOhAAI","2019-10-07 20:07:33","2019-10-07 20:07:33","SNOTE","P","240","005f4000003qsOhAAI","H","S","Ryan has been completely unresponsive.  I am noting this account as being potentially completely dead as long as Ryan is the POC.  I will send one more email out to see if he engages but so far he has been completely non-responsive.","","","000000000000000AAA","0"
